[
{
    "model": "auth.permission",
    "fields": {
        "name": "Can add log entry",
        "content_type": [
            "admin",
            "logentry"
        ],
        "codename": "add_logentry"
    }
},
{
    "model": "auth.permission",
    "fields": {
        "name": "Can change log entry",
        "content_type": [
            "admin",
            "logentry"
        ],
        "codename": "change_logentry"
    }
},
{
    "model": "auth.permission",
    "fields": {
        "name": "Can delete log entry",
        "content_type": [
            "admin",
            "logentry"
        ],
        "codename": "delete_logentry"
    }
},
{
    "model": "auth.permission",
    "fields": {
        "name": "Can view log entry",
        "content_type": [
            "admin",
            "logentry"
        ],
        "codename": "view_logentry"
    }
},
{
    "model": "auth.permission",
    "fields": {
        "name": "Can add permission",
        "content_type": [
            "auth",
            "permission"
        ],
        "codename": "add_permission"
    }
},
{
    "model": "auth.permission",
    "fields": {
        "name": "Can change permission",
        "content_type": [
            "auth",
            "permission"
        ],
        "codename": "change_permission"
    }
},
{
    "model": "auth.permission",
    "fields": {
        "name": "Can delete permission",
        "content_type": [
            "auth",
            "permission"
        ],
        "codename": "delete_permission"
    }
},
{
    "model": "auth.permission",
    "fields": {
        "name": "Can view permission",
        "content_type": [
            "auth",
            "permission"
        ],
        "codename": "view_permission"
    }
},
{
    "model": "auth.permission",
    "fields": {
        "name": "Can add group",
        "content_type": [
            "auth",
            "group"
        ],
        "codename": "add_group"
    }
},
{
    "model": "auth.permission",
    "fields": {
        "name": "Can change group",
        "content_type": [
            "auth",
            "group"
        ],
        "codename": "change_group"
    }
},
{
    "model": "auth.permission",
    "fields": {
        "name": "Can delete group",
        "content_type": [
            "auth",
            "group"
        ],
        "codename": "delete_group"
    }
},
{
    "model": "auth.permission",
    "fields": {
        "name": "Can view group",
        "content_type": [
            "auth",
            "group"
        ],
        "codename": "view_group"
    }
},
{
    "model": "auth.permission",
    "fields": {
        "name": "Can add user",
        "content_type": [
            "auth",
            "user"
        ],
        "codename": "add_user"
    }
},
{
    "model": "auth.permission",
    "fields": {
        "name": "Can change user",
        "content_type": [
            "auth",
            "user"
        ],
        "codename": "change_user"
    }
},
{
    "model": "auth.permission",
    "fields": {
        "name": "Can delete user",
        "content_type": [
            "auth",
            "user"
        ],
        "codename": "delete_user"
    }
},
{
    "model": "auth.permission",
    "fields": {
        "name": "Can view user",
        "content_type": [
            "auth",
            "user"
        ],
        "codename": "view_user"
    }
},
{
    "model": "auth.permission",
    "fields": {
        "name": "Can add content type",
        "content_type": [
            "contenttypes",
            "contenttype"
        ],
        "codename": "add_contenttype"
    }
},
{
    "model": "auth.permission",
    "fields": {
        "name": "Can change content type",
        "content_type": [
            "contenttypes",
            "contenttype"
        ],
        "codename": "change_contenttype"
    }
},
{
    "model": "auth.permission",
    "fields": {
        "name": "Can delete content type",
        "content_type": [
            "contenttypes",
            "contenttype"
        ],
        "codename": "delete_contenttype"
    }
},
{
    "model": "auth.permission",
    "fields": {
        "name": "Can view content type",
        "content_type": [
            "contenttypes",
            "contenttype"
        ],
        "codename": "view_contenttype"
    }
},
{
    "model": "auth.permission",
    "fields": {
        "name": "Can add session",
        "content_type": [
            "sessions",
            "session"
        ],
        "codename": "add_session"
    }
},
{
    "model": "auth.permission",
    "fields": {
        "name": "Can change session",
        "content_type": [
            "sessions",
            "session"
        ],
        "codename": "change_session"
    }
},
{
    "model": "auth.permission",
    "fields": {
        "name": "Can delete session",
        "content_type": [
            "sessions",
            "session"
        ],
        "codename": "delete_session"
    }
},
{
    "model": "auth.permission",
    "fields": {
        "name": "Can view session",
        "content_type": [
            "sessions",
            "session"
        ],
        "codename": "view_session"
    }
},
{
    "model": "auth.permission",
    "fields": {
        "name": "Can add noodle",
        "content_type": [
            "rameniaapp",
            "noodle"
        ],
        "codename": "add_noodle"
    }
},
{
    "model": "auth.permission",
    "fields": {
        "name": "Can change noodle",
        "content_type": [
            "rameniaapp",
            "noodle"
        ],
        "codename": "change_noodle"
    }
},
{
    "model": "auth.permission",
    "fields": {
        "name": "Can delete noodle",
        "content_type": [
            "rameniaapp",
            "noodle"
        ],
        "codename": "delete_noodle"
    }
},
{
    "model": "auth.permission",
    "fields": {
        "name": "Can view noodle",
        "content_type": [
            "rameniaapp",
            "noodle"
        ],
        "codename": "view_noodle"
    }
},
{
    "model": "auth.permission",
    "fields": {
        "name": "Can add tag",
        "content_type": [
            "rameniaapp",
            "tag"
        ],
        "codename": "add_tag"
    }
},
{
    "model": "auth.permission",
    "fields": {
        "name": "Can change tag",
        "content_type": [
            "rameniaapp",
            "tag"
        ],
        "codename": "change_tag"
    }
},
{
    "model": "auth.permission",
    "fields": {
        "name": "Can delete tag",
        "content_type": [
            "rameniaapp",
            "tag"
        ],
        "codename": "delete_tag"
    }
},
{
    "model": "auth.permission",
    "fields": {
        "name": "Can view tag",
        "content_type": [
            "rameniaapp",
            "tag"
        ],
        "codename": "view_tag"
    }
},
{
    "model": "auth.permission",
    "fields": {
        "name": "Can add noodle image",
        "content_type": [
            "rameniaapp",
            "noodleimage"
        ],
        "codename": "add_noodleimage"
    }
},
{
    "model": "auth.permission",
    "fields": {
        "name": "Can change noodle image",
        "content_type": [
            "rameniaapp",
            "noodleimage"
        ],
        "codename": "change_noodleimage"
    }
},
{
    "model": "auth.permission",
    "fields": {
        "name": "Can delete noodle image",
        "content_type": [
            "rameniaapp",
            "noodleimage"
        ],
        "codename": "delete_noodleimage"
    }
},
{
    "model": "auth.permission",
    "fields": {
        "name": "Can view noodle image",
        "content_type": [
            "rameniaapp",
            "noodleimage"
        ],
        "codename": "view_noodleimage"
    }
},
{
    "model": "auth.permission",
    "fields": {
        "name": "Can add badge",
        "content_type": [
            "rameniaapp",
            "badge"
        ],
        "codename": "add_badge"
    }
},
{
    "model": "auth.permission",
    "fields": {
        "name": "Can change badge",
        "content_type": [
            "rameniaapp",
            "badge"
        ],
        "codename": "change_badge"
    }
},
{
    "model": "auth.permission",
    "fields": {
        "name": "Can delete badge",
        "content_type": [
            "rameniaapp",
            "badge"
        ],
        "codename": "delete_badge"
    }
},
{
    "model": "auth.permission",
    "fields": {
        "name": "Can view badge",
        "content_type": [
            "rameniaapp",
            "badge"
        ],
        "codename": "view_badge"
    }
},
{
    "model": "auth.permission",
    "fields": {
        "name": "Can add profile",
        "content_type": [
            "rameniaapp",
            "profile"
        ],
        "codename": "add_profile"
    }
},
{
    "model": "auth.permission",
    "fields": {
        "name": "Can change profile",
        "content_type": [
            "rameniaapp",
            "profile"
        ],
        "codename": "change_profile"
    }
},
{
    "model": "auth.permission",
    "fields": {
        "name": "Can delete profile",
        "content_type": [
            "rameniaapp",
            "profile"
        ],
        "codename": "delete_profile"
    }
},
{
    "model": "auth.permission",
    "fields": {
        "name": "Can view profile",
        "content_type": [
            "rameniaapp",
            "profile"
        ],
        "codename": "view_profile"
    }
},
{
    "model": "auth.permission",
    "fields": {
        "name": "Can add report",
        "content_type": [
            "rameniaapp",
            "report"
        ],
        "codename": "add_report"
    }
},
{
    "model": "auth.permission",
    "fields": {
        "name": "Can change report",
        "content_type": [
            "rameniaapp",
            "report"
        ],
        "codename": "change_report"
    }
},
{
    "model": "auth.permission",
    "fields": {
        "name": "Can delete report",
        "content_type": [
            "rameniaapp",
            "report"
        ],
        "codename": "delete_report"
    }
},
{
    "model": "auth.permission",
    "fields": {
        "name": "Can view report",
        "content_type": [
            "rameniaapp",
            "report"
        ],
        "codename": "view_report"
    }
},
{
    "model": "auth.permission",
    "fields": {
        "name": "Can add review",
        "content_type": [
            "rameniaapp",
            "review"
        ],
        "codename": "add_review"
    }
},
{
    "model": "auth.permission",
    "fields": {
        "name": "Can change review",
        "content_type": [
            "rameniaapp",
            "review"
        ],
        "codename": "change_review"
    }
},
{
    "model": "auth.permission",
    "fields": {
        "name": "Can delete review",
        "content_type": [
            "rameniaapp",
            "review"
        ],
        "codename": "delete_review"
    }
},
{
    "model": "auth.permission",
    "fields": {
        "name": "Can view review",
        "content_type": [
            "rameniaapp",
            "review"
        ],
        "codename": "view_review"
    }
},
{
    "model": "auth.permission",
    "fields": {
        "name": "Can add review report",
        "content_type": [
            "rameniaapp",
            "reviewreport"
        ],
        "codename": "add_reviewreport"
    }
},
{
    "model": "auth.permission",
    "fields": {
        "name": "Can change review report",
        "content_type": [
            "rameniaapp",
            "reviewreport"
        ],
        "codename": "change_reviewreport"
    }
},
{
    "model": "auth.permission",
    "fields": {
        "name": "Can delete review report",
        "content_type": [
            "rameniaapp",
            "reviewreport"
        ],
        "codename": "delete_reviewreport"
    }
},
{
    "model": "auth.permission",
    "fields": {
        "name": "Can view review report",
        "content_type": [
            "rameniaapp",
            "reviewreport"
        ],
        "codename": "view_reviewreport"
    }
},
{
    "model": "auth.permission",
    "fields": {
        "name": "Can add profile report",
        "content_type": [
            "rameniaapp",
            "profilereport"
        ],
        "codename": "add_profilereport"
    }
},
{
    "model": "auth.permission",
    "fields": {
        "name": "Can change profile report",
        "content_type": [
            "rameniaapp",
            "profilereport"
        ],
        "codename": "change_profilereport"
    }
},
{
    "model": "auth.permission",
    "fields": {
        "name": "Can delete profile report",
        "content_type": [
            "rameniaapp",
            "profilereport"
        ],
        "codename": "delete_profilereport"
    }
},
{
    "model": "auth.permission",
    "fields": {
        "name": "Can view profile report",
        "content_type": [
            "rameniaapp",
            "profilereport"
        ],
        "codename": "view_profilereport"
    }
},
{
    "model": "auth.permission",
    "fields": {
        "name": "Can add noodle report",
        "content_type": [
            "rameniaapp",
            "noodlereport"
        ],
        "codename": "add_noodlereport"
    }
},
{
    "model": "auth.permission",
    "fields": {
        "name": "Can change noodle report",
        "content_type": [
            "rameniaapp",
            "noodlereport"
        ],
        "codename": "change_noodlereport"
    }
},
{
    "model": "auth.permission",
    "fields": {
        "name": "Can delete noodle report",
        "content_type": [
            "rameniaapp",
            "noodlereport"
        ],
        "codename": "delete_noodlereport"
    }
},
{
    "model": "auth.permission",
    "fields": {
        "name": "Can view noodle report",
        "content_type": [
            "rameniaapp",
            "noodlereport"
        ],
        "codename": "view_noodlereport"
    }
},
{
    "model": "auth.permission",
    "fields": {
        "name": "Can add review image",
        "content_type": [
            "rameniaapp",
            "reviewimage"
        ],
        "codename": "add_reviewimage"
    }
},
{
    "model": "auth.permission",
    "fields": {
        "name": "Can change review image",
        "content_type": [
            "rameniaapp",
            "reviewimage"
        ],
        "codename": "change_reviewimage"
    }
},
{
    "model": "auth.permission",
    "fields": {
        "name": "Can delete review image",
        "content_type": [
            "rameniaapp",
            "reviewimage"
        ],
        "codename": "delete_reviewimage"
    }
},
{
    "model": "auth.permission",
    "fields": {
        "name": "Can view review image",
        "content_type": [
            "rameniaapp",
            "reviewimage"
        ],
        "codename": "view_reviewimage"
    }
},
{
    "model": "auth.permission",
    "fields": {
        "name": "Can add edit",
        "content_type": [
            "rameniaapp",
            "edit"
        ],
        "codename": "add_edit"
    }
},
{
    "model": "auth.permission",
    "fields": {
        "name": "Can change edit",
        "content_type": [
            "rameniaapp",
            "edit"
        ],
        "codename": "change_edit"
    }
},
{
    "model": "auth.permission",
    "fields": {
        "name": "Can delete edit",
        "content_type": [
            "rameniaapp",
            "edit"
        ],
        "codename": "delete_edit"
    }
},
{
    "model": "auth.permission",
    "fields": {
        "name": "Can view edit",
        "content_type": [
            "rameniaapp",
            "edit"
        ],
        "codename": "view_edit"
    }
},
{
    "model": "auth.permission",
    "fields": {
        "name": "Can add list",
        "content_type": [
            "rameniaapp",
            "list"
        ],
        "codename": "add_list"
    }
},
{
    "model": "auth.permission",
    "fields": {
        "name": "Can change list",
        "content_type": [
            "rameniaapp",
            "list"
        ],
        "codename": "change_list"
    }
},
{
    "model": "auth.permission",
    "fields": {
        "name": "Can delete list",
        "content_type": [
            "rameniaapp",
            "list"
        ],
        "codename": "delete_list"
    }
},
{
    "model": "auth.permission",
    "fields": {
        "name": "Can view list",
        "content_type": [
            "rameniaapp",
            "list"
        ],
        "codename": "view_list"
    }
},
{
    "model": "auth.permission",
    "fields": {
        "name": "Can add action hook",
        "content_type": [
            "rameniaapp",
            "actionhook"
        ],
        "codename": "add_actionhook"
    }
},
{
    "model": "auth.permission",
    "fields": {
        "name": "Can change action hook",
        "content_type": [
            "rameniaapp",
            "actionhook"
        ],
        "codename": "change_actionhook"
    }
},
{
    "model": "auth.permission",
    "fields": {
        "name": "Can delete action hook",
        "content_type": [
            "rameniaapp",
            "actionhook"
        ],
        "codename": "delete_actionhook"
    }
},
{
    "model": "auth.permission",
    "fields": {
        "name": "Can view action hook",
        "content_type": [
            "rameniaapp",
            "actionhook"
        ],
        "codename": "view_actionhook"
    }
},
{
    "model": "auth.permission",
    "fields": {
        "name": "Can add badge",
        "content_type": [
            "rameniaapp",
            "noodle"
        ],
        "codename": "add_badge"
    }
},
{
    "model": "auth.permission",
    "fields": {
        "name": "Can change badge",
        "content_type": [
            "rameniaapp",
            "noodle"
        ],
        "codename": "change_badge"
    }
},
{
    "model": "auth.permission",
    "fields": {
        "name": "Can delete badge",
        "content_type": [
            "rameniaapp",
            "noodle"
        ],
        "codename": "delete_badge"
    }
},
{
    "model": "auth.permission",
    "fields": {
        "name": "Can view badge",
        "content_type": [
            "rameniaapp",
            "noodle"
        ],
        "codename": "view_badge"
    }
},
{
    "model": "auth.permission",
    "fields": {
        "name": "Can add noodle",
        "content_type": [
            "rameniaapp",
            "tag"
        ],
        "codename": "add_noodle"
    }
},
{
    "model": "auth.permission",
    "fields": {
        "name": "Can change noodle",
        "content_type": [
            "rameniaapp",
            "tag"
        ],
        "codename": "change_noodle"
    }
},
{
    "model": "auth.permission",
    "fields": {
        "name": "Can delete noodle",
        "content_type": [
            "rameniaapp",
            "tag"
        ],
        "codename": "delete_noodle"
    }
},
{
    "model": "auth.permission",
    "fields": {
        "name": "Can view noodle",
        "content_type": [
            "rameniaapp",
            "tag"
        ],
        "codename": "view_noodle"
    }
},
{
    "model": "auth.group",
    "fields": {
        "name": "moderator",
        "permissions": []
    }
},
{
    "model": "auth.user",
    "fields": {
        "password": "pbkdf2_sha256$216000$LQEV3TMvJINZ$QQ2z4+vOWoZ8var2ievooJXyfhpAukx6qePfEeyArWg=",
        "last_login": "2020-11-15T22:40:24.421Z",
        "is_superuser": true,
        "username": "admin",
        "first_name": "",
        "last_name": "",
        "email": "example@example.org",
        "is_staff": true,
        "is_active": true,
        "date_joined": "2020-10-02T02:08:33Z",
        "groups": [
            [
                "moderator"
            ]
        ],
        "user_permissions": []
    }
},
{
    "model": "auth.user",
    "fields": {
        "password": "pbkdf2_sha256$216000$yjR2Wi6HAsOu$8cfi/W7rnc4vsjnPDT3eZLIox2Ov35SsR3gUVwe7Gbc=",
        "last_login": null,
        "is_superuser": false,
        "username": "cool_guy",
        "first_name": "",
        "last_name": "",
        "email": "example@example.com",
        "is_staff": false,
        "is_active": true,
        "date_joined": "2020-10-02T02:17:12Z",
        "groups": [],
        "user_permissions": []
    }
},
{
    "model": "auth.user",
    "fields": {
        "password": "pbkdf2_sha256$216000$53OPOGxTIMbX$bZfKu6RECzAHZT6dib8cHp0TFVlkdHyD5X3ZQwlqNrE=",
        "last_login": "2020-11-16T00:09:17.974Z",
        "is_superuser": false,
        "username": "cool_girl",
        "first_name": "",
        "last_name": "",
        "email": "example@example.net",
        "is_staff": false,
        "is_active": true,
        "date_joined": "2020-10-02T02:18:09Z",
        "groups": [
            [
                "moderator"
            ]
        ],
        "user_permissions": []
    }
},
{
    "model": "auth.user",
    "fields": {
        "password": "pbkdf2_sha256$216000$QwyeESNFwjqO$DfAIcDFAhMbm3i+2Hf7HgBUZdL5Xids2duLg2vjy/A8=",
        "last_login": "2020-11-14T20:09:29.059Z",
        "is_superuser": false,
        "username": "ramenlover33",
        "first_name": "",
        "last_name": "",
        "email": "",
        "is_staff": false,
        "is_active": true,
        "date_joined": "2020-11-14T19:54:29.252Z",
        "groups": [],
        "user_permissions": []
    }
},
{
    "model": "auth.user",
    "fields": {
        "password": "pbkdf2_sha256$216000$osT90IrlrYFE$BfD/9+uoD6/vUAZh1wTIwYUPLJslL9XmDYJrOiS/1W0=",
        "last_login": "2020-11-16T01:34:19.757Z",
        "is_superuser": false,
        "username": "Ramen_Lover",
        "first_name": "",
        "last_name": "",
        "email": "",
        "is_staff": false,
        "is_active": true,
        "date_joined": "2020-11-15T23:58:26.471Z",
        "groups": [],
        "user_permissions": []
    }
},
{
    "model": "auth.user",
    "fields": {
        "password": "pbkdf2_sha256$216000$oGJrqrmRToga$719Pjxe0n9zwY/eNcXCuP6aqtClV95VZ3ahaKHq63Ho=",
        "last_login": "2020-11-16T01:28:08.951Z",
        "is_superuser": false,
        "username": "Kaylee",
        "first_name": "",
        "last_name": "",
        "email": "",
        "is_staff": false,
        "is_active": true,
        "date_joined": "2020-11-16T01:12:36.700Z",
        "groups": [],
        "user_permissions": []
    }
},
{
    "model": "auth.user",
    "fields": {
        "password": "pbkdf2_sha256$216000$VINzijvngkEA$ji9QLKDL4HnHjfKERE3X21QmJO3F44LVI6CCig1bbJ8=",
        "last_login": "2020-11-16T01:19:11.320Z",
        "is_superuser": false,
        "username": "Daniel",
        "first_name": "",
        "last_name": "",
        "email": "",
        "is_staff": false,
        "is_active": true,
        "date_joined": "2020-11-16T01:19:09.977Z",
        "groups": [],
        "user_permissions": []
    }
},
{
    "model": "sessions.session",
    "pk": "20hazgrr7y6paqkglro90q3zkyb2oiy6",
    "fields": {
        "session_data": ".eJxVjMsOwiAQAP-FsyE87eLRu9_QLOwiVQNJaU_GfzckPeh1ZjJvMeO-lXnvvM4LiYuw4vTLIqYn1yHogfXeZGp1W5coRyIP2-WtEb-uR_s3KNjL2LKJFhQTxoTKawjWnG3wlMD5hAEVRMhOA08QlVEaJqLM4NEBQA7i8wXiNTe4:1keS57:vluTD1HO9ZNYmcuIlKSqMcsc4IruIzutuQIDn1Qd6Sc",
        "expire_date": "2020-11-30T00:09:17.980Z"
    }
},
{
    "model": "sessions.session",
    "pk": "2p3a8jepezl3fq52acn11ig1r05uouvo",
    "fields": {
        "session_data": ".eJxVjEsOwiAUAO_C2hB4lM9z6d4zkMenUjWQlHZlvLuSdKHbmcm8mKd9K37vefVLYmcm2emXBYqPXIdId6q3xmOr27oEPhJ-2M6vLeXn5Wj_BoV6GdvsJKFR4EBbUJoQJpxBpQw4yWitIKONkkizoygwSZ3AuS8JAEIRe38ApuU2Tg:1ke1aO:PTi7O-bMyC73SK2fGdcl-Z5ORrQvwNZHQihOBifmJ-0",
        "expire_date": "2020-11-28T19:51:48.529Z"
    }
},
{
    "model": "sessions.session",
    "pk": "dakzhejz4hr2ve27y530ivcliep5zwpd",
    "fields": {
        "session_data": ".eJxVjEEOwiAQRe_C2hCKM1Bcuu8ZyDBMpWpoUtqV8e7apAvd_vfef6lI21ri1mSJU1YXher0uyXih9Qd5DvV26x5rusyJb0r-qBND3OW5_Vw_w4KtfKtQ_IAthc2iEmgw7N3lkVCJt8Du25EQBJGz96POTkOkqwNxmAGh6jeH-AeN7s:1keTPP:pMGdALON5H3iM4HRlTRfxzxjsP7rygwuOOYyU6aYX2k",
        "expire_date": "2020-11-30T01:34:19.766Z"
    }
},
{
    "model": "sessions.session",
    "pk": "i7hmrqdlgivtzzdzmh4ui0i2k6o8dm6x",
    "fields": {
        "session_data": ".eJxVjEsOwiAUAO_C2hB4lM9z6d4zkMenUjWQlHZlvLuSdKHbmcm8mKd9K37vefVLYmcm2emXBYqPXIdId6q3xmOr27oEPhJ-2M6vLeXn5Wj_BoV6GdvsJKFR4EBbUJoQJpxBpQw4yWitIKONkkizoygwSZ3AuS8JAEIRe38ApuU2Tg:1kOB5y:myT88QOdOcy6uEUHbsjyaaYzZL7pqVGMA4JQpujoE4E",
        "expire_date": "2020-10-16T02:46:54.473Z"
    }
},
{
    "model": "sessions.session",
    "pk": "m7z1ceccj6bcyrt6co3llclwo8t834ti",
    "fields": {
        "session_data": ".eJxVjEsOwiAUAO_C2hB4lM9z6d4zkMenUjWQlHZlvLuSdKHbmcm8mKd9K37vefVLYmcm2emXBYqPXIdId6q3xmOr27oEPhJ-2M6vLeXn5Wj_BoV6GdvsJKFR4EBbUJoQJpxBpQw4yWitIKONkkizoygwSZ3AuS8JAEIRe38ApuU2Tg:1kRnry:7QWS8mNwutgA_ytttz4XQl60_4i5PXVhrZbdyB6093o",
        "expire_date": "2020-10-26T02:47:26.717Z"
    }
},
{
    "model": "sessions.session",
    "pk": "rinqrpl0714zs1oefg51ojw8lpz2xwl5",
    "fields": {
        "session_data": ".eJxVjMEOwiAQRP-FsyGA7NJ69O43EFgWqRpISnsy_rtt0oNe5jDvzbyFD-tS_Np59lMSF2HF6beLgZ5cd5Aeod6bpFaXeYpyV-RBu7y1xK_r4f4dlNDLttbIowVtkEIenHWR1RaDIxNz0qCQNYAC4ECZIGew0Y7nDGwUOsQkPl_ZRDey:1ke1rV:ydRdigO-DogBYi3lb42t9HgisziYF6Y9rUc8nsJ__E8",
        "expire_date": "2020-11-28T20:09:29.066Z"
    }
},
{
    "model": "sessions.session",
    "pk": "syak5anua4wvjj814l0k1c085ufpcnxr",
    "fields": {
        "session_data": ".eJxVjEsOwiAUAO_C2hB4lM9z6d4zkMenUjWQlHZlvLuSdKHbmcm8mKd9K37vefVLYmcm2emXBYqPXIdId6q3xmOr27oEPhJ-2M6vLeXn5Wj_BoV6GdvsJKFR4EBbUJoQJpxBpQw4yWitIKONkkizoygwSZ3AuS8JAEIRe38ApuU2Tg:1kd5qv:f48LgVhMwmpMbWdYyiJJ_1A9d_2DnL5Xs_qUleNmaLI",
        "expire_date": "2020-11-26T06:13:01.010Z"
    }
},
{
    "model": "sessions.session",
    "pk": "u84vuafihhktrm1o0yph8blj19ae9wp3",
    "fields": {
        "session_data": ".eJxVjEsOwiAUAO_C2hB4lM9z6d4zkMenUjWQlHZlvLuSdKHbmcm8mKd9K37vefVLYmcm2emXBYqPXIdId6q3xmOr27oEPhJ-2M6vLeXn5Wj_BoV6GdvsJKFR4EBbUJoQJpxBpQw4yWitIKONkkizoygwSZ3AuS8JAEIRe38ApuU2Tg:1kcipS:HW9LjNAViwAk_9Fm7ST4JG0qH9eJiuvJYTIHi8MAhlQ",
        "expire_date": "2020-11-25T05:37:58.448Z"
    }
},
{
    "model": "sessions.session",
    "pk": "zcmdmtgfbvhxuuf7n7bqbr7ahoi2ddnd",
    "fields": {
        "session_data": ".eJxVjEsOwiAUAO_C2hB4lM9z6d4zkMenUjWQlHZlvLuSdKHbmcm8mKd9K37vefVLYmcm2emXBYqPXIdId6q3xmOr27oEPhJ-2M6vLeXn5Wj_BoV6GdvsJKFR4EBbUJoQJpxBpQw4yWitIKONkkizoygwSZ3AuS8JAEIRe38ApuU2Tg:1kQLTH:QYaG1bTJdtmFNQtR0mIcNkpa_C65IfVtPzwkF-RwYvc",
        "expire_date": "2020-10-22T02:15:55.743Z"
    }
},
{
    "model": "rameniaapp.badge",
    "pk": 1,
    "fields": {
        "name": "Ramen du Monde",
        "description": "Eat instant noodles originating from more than 10 countries",
        "image": "36932-200.png"
    }
},
{
    "model": "rameniaapp.badge",
    "pk": 2,
    "fields": {
        "name": "Ink-Stained",
        "description": "Make over 100 edits.",
        "image": "75540-200.png"
    }
},
{
    "model": "rameniaapp.badge",
    "pk": 3,
    "fields": {
        "name": "First noodle entry",
        "description": "FIrst noodle entry approved",
        "image": "iconfinder_noodle-bowl-chopsticks-food-asian-ramen-spaghetti_4306505.png"
    }
},
{
    "model": "rameniaapp.badge",
    "pk": 4,
    "fields": {
        "name": "First review",
        "description": "User posted their first review",
        "image": "iconfinder_starred_3830988.png"
    }
},
{
    "model": "rameniaapp.noodle",
    "pk": 1,
    "fields": {
        "name": "Nissin Cup Noodle - Chicken",
        "metadata": {
            "Line": "Cup Noodle",
            "Flavor": "Chicken",
            "Released": "1971",
            "Description": "One of the all time classics.",
            "Manufacturer": "Nissin"
        },
        "created_timestamp": "2020-11-12",
        "edited_timestamp": "2020-11-12",
        "editor": [
            "cool_girl"
        ],
        "tags": [
            1,
            2,
            3
        ]
    }
},
{
    "model": "rameniaapp.noodle",
    "pk": 2,
    "fields": {
        "name": "Bandai Best Hit Chronicle Cup Noodle 1/1 Model Kit",
        "metadata": {
            "Line": "Cup Noodle",
            "Flavor": "Plastic",
            "Released": "2020",
            "Description": "Non-edible model kit.",
            "Manufacturer": "Bandai"
        },
        "created_timestamp": "2020-11-12",
        "edited_timestamp": "2020-11-12",
        "editor": [
            "cool_guy"
        ],
        "tags": [
            1
        ]
    }
},
{
    "model": "rameniaapp.noodle",
    "pk": 3,
    "fields": {
        "name": "Nongshim Kimchi Ramyun",
        "metadata": {
            "Line": "Cup noodle",
            "Flavor": "Kimchi",
            "Released": "Unknown",
            "Description": "A korean style cup ramen with bits of kimchi. Spicy!",
            "Manufacturer": "Nongshim"
        },
        "created_timestamp": "2020-11-14",
        "edited_timestamp": "2020-11-14",
        "editor": [
            "ramenlover33"
        ],
        "tags": [
            1,
            4,
            5,
            6
        ]
    }
},
{
    "model": "rameniaapp.noodle",
    "pk": 4,
    "fields": {
        "name": "Maruchan Instant Lunch Udon Style Ramen Soup",
        "metadata": {
            "Line": "Cup Noodle",
            "Flavor": "Miso",
            "Released": "2013",
            "Description": "Fast and Tasty as a hot snack or delicious meal, anytime.",
            "Manufacturer": "Maruchan"
        },
        "created_timestamp": "2020-11-16",
        "edited_timestamp": "2020-11-16",
        "editor": [
            "Ramen_Lover"
        ],
        "tags": [
            1,
            7,
            8
        ]
    }
},
{
    "model": "rameniaapp.noodle",
    "pk": 5,
    "fields": {
        "name": "Bowl Noodles Ramen Noodles",
        "metadata": {
            "Line": "Bowl Noodles",
            "Flavor": "Hot & Spicy",
            "Released": "2009",
            "Description": "Enjoy this Bowl Noodles Hot and Spicy Chicken Flavor Ramen Noodle Soup for your lunch. It has a savory and delicious taste",
            "Manufacturer": "Nissin"
        },
        "created_timestamp": "2020-11-16",
        "edited_timestamp": "2020-11-16",
        "editor": [
            "Ramen_Lover"
        ],
        "tags": [
            7,
            9,
            10,
            11
        ]
    }
},
{
    "model": "rameniaapp.noodle",
    "pk": 6,
    "fields": {
        "name": "Maruchan Ramen Noodle Soup",
        "metadata": {
            "Line": "Pack",
            "Flavor": "Chili",
            "Released": "Unkown",
            "Description": "Hot chili flavor that cooks in 3 minutes!",
            "Manufacturer": "Maruchan"
        },
        "created_timestamp": "2020-11-16",
        "edited_timestamp": "2020-11-16",
        "editor": [
            "Ramen_Lover"
        ],
        "tags": [
            7,
            8,
            12
        ]
    }
},
{
    "model": "rameniaapp.noodle",
    "pk": 7,
    "fields": {
        "name": "NongShim Shin Noodle Soup",
        "metadata": {
            "Line": "Pouch",
            "Flavor": "Black",
            "Released": "2013",
            "Description": "Hot and spicy noodle soup with fresh vegetables and savory beef broth",
            "Manufacturer": "Nongshim"
        },
        "created_timestamp": "2020-11-16",
        "edited_timestamp": "2020-11-16",
        "editor": [
            "Ramen_Lover"
        ],
        "tags": [
            7,
            9,
            13
        ]
    }
},
{
    "model": "rameniaapp.noodle",
    "pk": 8,
    "fields": {
        "name": "Nissin Top Ramen Bowl",
        "metadata": {
            "Line": "Bowl",
            "Flavor": "Soy Sauce",
            "Released": "2019",
            "Description": "Top ramen soy sauce is vegetarian!",
            "Manufacturer": "Nissin"
        },
        "created_timestamp": "2020-11-16",
        "edited_timestamp": "2020-11-16",
        "editor": [
            "Ramen_Lover"
        ],
        "tags": [
            4,
            7,
            10
        ]
    }
},
{
    "model": "rameniaapp.noodleimage",
    "pk": 1,
    "fields": {
        "image": "imageService.jpg",
        "main": false,
        "noodle": 1,
        "timestamp": "2020-10-02",
        "is_default": false,
        "uploader": [
            "cool_girl"
        ]
    }
},
{
    "model": "rameniaapp.noodleimage",
    "pk": 2,
    "fields": {
        "image": "H4616de3e74b345a093ed9bbc0cbbc675B.jpg_350x350.jpg",
        "main": false,
        "noodle": 1,
        "timestamp": "2020-10-02",
        "is_default": false,
        "uploader": [
            "cool_girl"
        ]
    }
},
{
    "model": "rameniaapp.noodleimage",
    "pk": 3,
    "fields": {
        "image": "d0ef9597-efd8-47e5-ba8d-e67ba49caa18.jpg",
        "main": false,
        "noodle": 2,
        "timestamp": "2020-10-02",
        "is_default": false,
        "uploader": [
            "cool_guy"
        ]
    }
},
{
    "model": "rameniaapp.noodleimage",
    "pk": 4,
    "fields": {
        "image": "kimchiramen_MrTp6g8.jpg",
        "main": false,
        "noodle": 3,
        "timestamp": "2020-11-14",
        "is_default": false,
        "uploader": [
            "ramenlover33"
        ]
    }
},
{
    "model": "rameniaapp.noodleimage",
    "pk": 5,
    "fields": {
        "image": "Miso_Flavor_3T21sZY.jpeg",
        "main": false,
        "noodle": 4,
        "timestamp": "2020-11-16",
        "is_default": false,
        "uploader": [
            "Ramen_Lover"
        ]
    }
},
{
    "model": "rameniaapp.noodleimage",
    "pk": 6,
    "fields": {
        "image": "Hot__Spciy_Flavor_ShxwACL.jpeg",
        "main": false,
        "noodle": 5,
        "timestamp": "2020-11-16",
        "is_default": false,
        "uploader": [
            "Ramen_Lover"
        ]
    }
},
{
    "model": "rameniaapp.noodleimage",
    "pk": 7,
    "fields": {
        "image": "Chili_Flavor_y6nTPgs.jpeg",
        "main": false,
        "noodle": 6,
        "timestamp": "2020-11-16",
        "is_default": false,
        "uploader": [
            "Ramen_Lover"
        ]
    }
},
{
    "model": "rameniaapp.noodleimage",
    "pk": 8,
    "fields": {
        "image": "Black_Favor_YYft5VF.jpg",
        "main": false,
        "noodle": 7,
        "timestamp": "2020-11-16",
        "is_default": false,
        "uploader": [
            "Ramen_Lover"
        ]
    }
},
{
    "model": "rameniaapp.noodleimage",
    "pk": 10,
    "fields": {
        "image": "Soy_Sauce_Flavor_2Jt3dEN.jpg",
        "main": false,
        "noodle": 8,
        "timestamp": "2020-11-16",
        "is_default": false,
        "uploader": [
            "Ramen_Lover"
        ]
    }
},
{
    "model": "rameniaapp.profile",
    "pk": 1,
    "fields": {
        "name": "CoolGirl1991",
        "metadata": {
            "Rated": 1,
            "Tried": 10,
            "Reviewed": 2,
            "Reputation": 8901,
            "Description": "I'm a ramen stan",
            "Entries Made": 1
        },
        "preferences": null,
        "profile_pic": "EjIM1V2U0AEx2sr.png",
        "user": [
            "cool_girl"
        ],
        "badges": [
            1,
            2
        ],
        "following": []
    }
},
{
    "model": "rameniaapp.profile",
    "pk": 2,
    "fields": {
        "name": "CoolGuyTheTroll",
        "metadata": {
            "Rated": 1,
            "Tried": 2,
            "Reviewed": 1,
            "Reputation": 0,
            "Description": "Go to heck >:(",
            "Entries Made": 1
        },
        "preferences": null,
        "profile_pic": "E77800F7-8CF7-4D02-A9D8-51B6284D8317.jpeg",
        "user": [
            "cool_guy"
        ],
        "badges": [],
        "following": []
    }
},
{
    "model": "rameniaapp.profile",
    "pk": 3,
    "fields": {
        "name": "Admin",
        "metadata": {
            "Rated": 0,
            "Tried": 0,
            "Reviewed": 0,
            "Reputation": 0,
            "Description": "I'm an admin, ignore me",
            "Entries Made": 0
        },
        "preferences": null,
        "profile_pic": "459728_lhrhQQqe_6SHwWci.png",
        "user": [
            "admin"
        ],
        "badges": [],
        "following": []
    }
},
{
    "model": "rameniaapp.profile",
    "pk": 4,
    "fields": {
        "name": "Ramen Lover 33",
        "metadata": {
            "Rated": 0,
            "Tried": 0,
            "Reviewed": 2,
            "Reputation": 100,
            "Description": "",
            "Entries Made": 1,
            "Noodle Edits": 0
        },
        "preferences": null,
        "profile_pic": "external-content.duckduckgo.com.jpg",
        "user": [
            "ramenlover33"
        ],
        "badges": [
            3,
            4
        ],
        "following": [
            1,
            2
        ]
    }
},
{
    "model": "rameniaapp.profile",
    "pk": 5,
    "fields": {
        "name": "Ramen_Lover99",
        "metadata": {
            "Rated": 0,
            "Tried": 0,
            "Reviewed": 2,
            "Reputation": 700,
            "Description": "",
            "Entries Made": 5,
            "Noodle Edits": 2
        },
        "preferences": null,
        "profile_pic": "2488831_0.jpg",
        "user": [
            "Ramen_Lover"
        ],
        "badges": [
            3
        ],
        "following": []
    }
},
{
    "model": "rameniaapp.profile",
    "pk": 6,
    "fields": {
        "name": "Kaylee",
        "metadata": {
            "Rated": 0,
            "Tried": 0,
            "Reviewed": 3,
            "Reputation": 0,
            "Description": "",
            "Entries Made": 0,
            "Noodle Edits": 0
        },
        "preferences": null,
        "profile_pic": "da51c26fe3398b0f8314fee17a98e0e7.jpg",
        "user": [
            "Kaylee"
        ],
        "badges": [],
        "following": []
    }
},
{
    "model": "rameniaapp.profile",
    "pk": 7,
    "fields": {
        "name": "Daniel",
        "metadata": {
            "Rated": 0,
            "Tried": 0,
            "Reviewed": 2,
            "Reputation": 0,
            "Description": "",
            "Entries Made": 0,
            "Noodle Edits": 0
        },
        "preferences": null,
        "profile_pic": "download.jpg",
        "user": [
            "Daniel"
        ],
        "badges": [],
        "following": []
    }
},
{
    "model": "rameniaapp.report",
    "pk": 1,
    "fields": {
        "reporter": [
            "cool_girl"
        ],
        "type": "ND",
        "reason": "GS",
        "status": "OP"
    }
},
{
    "model": "rameniaapp.report",
    "pk": 3,
    "fields": {
        "reporter": [
            "cool_girl"
        ],
        "type": "RV",
        "reason": "AD",
        "status": "OP"
    }
},
{
    "model": "rameniaapp.report",
    "pk": 4,
    "fields": {
        "reporter": [
            "cool_girl"
        ],
        "type": "ND",
        "reason": "GS",
        "status": "OP"
    }
},
{
    "model": "rameniaapp.report",
    "pk": 5,
    "fields": {
        "reporter": [
            "cool_guy"
        ],
        "type": "RV",
        "reason": "IC",
        "status": "OP"
    }
},
{
    "model": "rameniaapp.report",
    "pk": 6,
    "fields": {
        "reporter": [
            "cool_guy"
        ],
        "type": "PF",
        "reason": "GS",
        "status": "OP"
    }
},
{
    "model": "rameniaapp.reviewreport",
    "pk": 3,
    "fields": {
        "report_ptr": 3,
        "review": 2
    }
},
{
    "model": "rameniaapp.reviewreport",
    "pk": 5,
    "fields": {
        "report_ptr": 5,
        "review": 1
    }
},
{
    "model": "rameniaapp.profilereport",
    "pk": 6,
    "fields": {
        "report_ptr": 6,
        "profile": 1
    }
},
{
    "model": "rameniaapp.noodlereport",
    "pk": 1,
    "fields": {
        "report_ptr": 1,
        "noodle": 2
    }
},
{
    "model": "rameniaapp.noodlereport",
    "pk": 4,
    "fields": {
        "report_ptr": 4,
        "noodle": 1
    }
},
{
    "model": "rameniaapp.review",
    "pk": 1,
    "fields": {
        "title": "Great ramen",
        "body": "An all time classic",
        "rating": 5,
        "reviewer": [
            "cool_girl"
        ],
        "noodle": 1,
        "created": "2020-11-11T02:09:14.816Z"
    }
},
{
    "model": "rameniaapp.review",
    "pk": 2,
    "fields": {
        "title": "Bad ramen",
        "body": "GO TO example(.)com TO BUY GOLD NOW",
        "rating": 1,
        "reviewer": [
            "cool_guy"
        ],
        "noodle": 1,
        "created": "2020-11-11T02:09:14.816Z"
    }
},
{
    "model": "rameniaapp.review",
    "pk": 3,
    "fields": {
        "title": "A frequent go-to",
        "body": "I don't usually eat cup noodles but these are an exception. I buy them in big packs at costco and they're perfect for a light lunch. The kimchi flavor really comes through.",
        "rating": 4,
        "reviewer": [
            "ramenlover33"
        ],
        "noodle": 3,
        "created": "2020-11-14T20:00:59.640Z"
    }
},
{
    "model": "rameniaapp.review",
    "pk": 4,
    "fields": {
        "title": "One of the originals but not that great",
        "body": "I used to eat these frequently but I have found other ramen to be a lot less bland. I still pick up a cup occasionally at the grocery store though.",
        "rating": 2,
        "reviewer": [
            "ramenlover33"
        ],
        "noodle": 1,
        "created": "2020-11-14T20:02:58.729Z"
    }
},
{
    "model": "rameniaapp.review",
    "pk": 5,
    "fields": {
        "title": "Not a fan of kimchi but these are decent",
        "body": "I got these when they were out of all the other flavors. Usually don't like kimchi but these are acceptable which is saying something.",
        "rating": 3,
        "reviewer": [
            "cool_girl"
        ],
        "noodle": 3,
        "created": "2020-11-14T20:09:14.838Z"
    }
},
{
    "model": "rameniaapp.review",
    "pk": 7,
    "fields": {
        "title": "Easy, quick, and tasty",
        "body": "This is really good. Easy as well. Good for lunches at work if all you have access to is a microwave. Very quick and so tasty!! Not to be used with boiling water. You can...but I don’t think it would work out as well.",
        "rating": 5,
        "reviewer": [
            "Ramen_Lover"
        ],
        "noodle": 8,
        "created": "2020-11-16T01:10:27.703Z"
    }
},
{
    "model": "rameniaapp.review",
    "pk": 8,
    "fields": {
        "title": "Nice Flavor!",
        "body": "I like my food spicy, and this ramen does just the trick when I'm cold and looking for something toasty! It's super affordable like all other ramen, but I like mixing mine with cheese and vegetables so that it doesn't taste the same as all the other ramen! It's definitely one of my favorite comfort foods!\r\nI like my food spicy, and this ramen does just the trick when I'm cold and looking for something toasty! It's super affordable like all other ramen, but I like mixing mine with cheese and vegetables so that it doesn't taste the same as all the other ramen! It's definitely one of my favorite comfort foods!",
        "rating": 4,
        "reviewer": [
            "Kaylee"
        ],
        "noodle": 6,
        "created": "2020-11-16T01:14:28.250Z"
    }
},
{
    "model": "rameniaapp.review",
    "pk": 9,
    "fields": {
        "title": "Chili Flavor",
        "body": "When you just don't have time to cook or all out on grocery, what left is ramen noodles. Perfect for snowy day and when it's spicy! 😋",
        "rating": 5,
        "reviewer": [
            "Daniel"
        ],
        "noodle": 6,
        "created": "2020-11-16T01:22:10.997Z"
    }
},
{
    "model": "rameniaapp.review",
    "pk": 10,
    "fields": {
        "title": "Wow!",
        "body": "i am a huge fan of ramen noodles and of the Nongshim brand 'ramyun' noodle. However, I took a shot in the dark with this Black line. The soup is a great soup, it tastes very similar to the Nongshim Gourmet Spicy ramyun. However, it's a tad bit less spicy.",
        "rating": 5,
        "reviewer": [
            "Daniel"
        ],
        "noodle": 7,
        "created": "2020-11-16T01:27:28.290Z"
    }
},
{
    "model": "rameniaapp.review",
    "pk": 11,
    "fields": {
        "title": "These are Seriously DELICIOUS Noodles!",
        "body": "I added in some beef that I stir fried with onions, carrots, and Chinese cabbage. After mixing in the stir fried beef with vegetables, I got the dish pictured top right. It was AWESOME! This tasted just like a savory lo mein dish.",
        "rating": 5,
        "reviewer": [
            "Kaylee"
        ],
        "noodle": 5,
        "created": "2020-11-16T01:30:56.683Z"
    }
},
{
    "model": "rameniaapp.review",
    "pk": 12,
    "fields": {
        "title": "Delicious",
        "body": "What I love about them is that you can put anything into them, salmon, broccoli, asparagus etc. and with no muss end up with a great lunch or dinner item.",
        "rating": 5,
        "reviewer": [
            "Kaylee"
        ],
        "noodle": 4,
        "created": "2020-11-16T01:33:42.152Z"
    }
},
{
    "model": "rameniaapp.review",
    "pk": 13,
    "fields": {
        "title": "I hate admitting it",
        "body": "I hate admitting it, but this ramen is my greatest guilty pleasure. I really like spicy stuff so I also add sriracha.",
        "rating": 5,
        "reviewer": [
            "Ramen_Lover"
        ],
        "noodle": 5,
        "created": "2020-11-16T01:37:42.561Z"
    }
},
{
    "model": "rameniaapp.reviewimage",
    "pk": 1,
    "fields": {
        "image": "chickencup.jpg",
        "review": 4,
        "timestamp": "2020-11-14",
        "uploader": [
            "ramenlover33"
        ]
    }
},
{
    "model": "rameniaapp.reviewimage",
    "pk": 3,
    "fields": {
        "image": "Chili_Review.PNG",
        "review": 9,
        "timestamp": "2020-11-16",
        "uploader": [
            "Daniel"
        ]
    }
},
{
    "model": "rameniaapp.reviewimage",
    "pk": 4,
    "fields": {
        "image": "Black_Review.PNG",
        "review": 10,
        "timestamp": "2020-11-16",
        "uploader": [
            "Daniel"
        ]
    }
},
{
    "model": "rameniaapp.reviewimage",
    "pk": 5,
    "fields": {
        "image": "Hot__Spciy_Review.PNG",
        "review": 11,
        "timestamp": "2020-11-16",
        "uploader": [
            "Kaylee"
        ]
    }
},
{
    "model": "rameniaapp.reviewimage",
    "pk": 6,
    "fields": {
        "image": "Miso_Review.PNG",
        "review": 12,
        "timestamp": "2020-11-16",
        "uploader": [
            "Kaylee"
        ]
    }
},
{
    "model": "rameniaapp.tag",
    "pk": 1,
    "fields": {
        "name": "Cup",
        "description": "Comes in a cup you can make it in and eat it from."
    }
},
{
    "model": "rameniaapp.tag",
    "pk": 2,
    "fields": {
        "name": "Chicken",
        "description": "Chicken flavored"
    }
},
{
    "model": "rameniaapp.tag",
    "pk": 3,
    "fields": {
        "name": "Japanese",
        "description": "Instant noodles with a country of origin in Japan"
    }
},
{
    "model": "rameniaapp.tag",
    "pk": 4,
    "fields": {
        "name": "Vegetarian",
        "description": ""
    }
},
{
    "model": "rameniaapp.tag",
    "pk": 5,
    "fields": {
        "name": "Korean",
        "description": ""
    }
},
{
    "model": "rameniaapp.tag",
    "pk": 6,
    "fields": {
        "name": "Kimchi",
        "description": ""
    }
},
{
    "model": "rameniaapp.tag",
    "pk": 7,
    "fields": {
        "name": "Ramen",
        "description": ""
    }
},
{
    "model": "rameniaapp.tag",
    "pk": 8,
    "fields": {
        "name": "Maruchan",
        "description": ""
    }
},
{
    "model": "rameniaapp.tag",
    "pk": 9,
    "fields": {
        "name": "Spicy",
        "description": ""
    }
},
{
    "model": "rameniaapp.tag",
    "pk": 10,
    "fields": {
        "name": "Nissin",
        "description": ""
    }
},
{
    "model": "rameniaapp.tag",
    "pk": 11,
    "fields": {
        "name": "Bowl",
        "description": ""
    }
},
{
    "model": "rameniaapp.tag",
    "pk": 12,
    "fields": {
        "name": "Pack",
        "description": ""
    }
},
{
    "model": "rameniaapp.tag",
    "pk": 13,
    "fields": {
        "name": "Nongshim",
        "description": ""
    }
},
{
    "model": "rameniaapp.edit",
    "pk": 1,
    "fields": {
        "image": "0008968617072_vLOI1Tp.webp",
        "change": {
            "Line": "Indomie",
            "Name": "Indomie Mi Goreng",
            "Tags": [
                "Indonesian",
                "Stir Fry",
                "Dry"
            ],
            "Flavor": "Stir Fry",
            "Released": "1982",
            "Description": "This noodle is based off the Indonesian dish mie goreng and is served dry.",
            "Manufacturer": "Indofood"
        },
        "noodle": null,
        "editor": [
            "admin"
        ],
        "timestamp": "2020-11-15"
    }
},
{
    "model": "rameniaapp.edit",
    "pk": 2,
    "fields": {
        "image": "",
        "change": {
            "Line": "Cup Noodle",
            "Name": "Nissin Cup Noodle - Chicken",
            "Tags": [
                "Cup",
                "Chicken",
                "Japanese"
            ],
            "Flavor": "Chicken",
            "Released": "1985",
            "Description": "One of the all time classics.",
            "Manufacturer": "Nissin"
        },
        "noodle": 1,
        "editor": [
            "admin"
        ],
        "timestamp": "2020-11-15"
    }
},
{
    "model": "rameniaapp.list",
    "pk": 1,
    "fields": {
        "name": "Cool List of Ramen!",
        "user": [
            "cool_girl"
        ],
        "noodles": [
            1,
            2
        ]
    }
},
{
    "model": "rameniaapp.actionhook",
    "pk": 1,
    "fields": {
        "hook_name": "good-report",
        "params": {
            "change-rep": 100
        }
    }
},
{
    "model": "rameniaapp.actionhook",
    "pk": 2,
    "fields": {
        "hook_name": "bad-report",
        "params": {
            "change-rep": -100
        }
    }
},
{
    "model": "rameniaapp.actionhook",
    "pk": 3,
    "fields": {
        "hook_name": "bad-content",
        "params": {
            "change-rep": -500
        }
    }
},
{
    "model": "rameniaapp.actionhook",
    "pk": 4,
    "fields": {
        "hook_name": "reputation",
        "params": {
            "reputation-lt": 1000,
            "reputation-gte": 1000,
            "reputation-lt-hook": "mod-delete",
            "reputation-gte-hook": "mod-add"
        }
    }
},
{
    "model": "rameniaapp.actionhook",
    "pk": 5,
    "fields": {
        "hook_name": "mod-add",
        "params": {
            "group-add": "moderator"
        }
    }
},
{
    "model": "rameniaapp.actionhook",
    "pk": 6,
    "fields": {
        "hook_name": "mod-delete",
        "params": {
            "group-remove": "moderator"
        }
    }
},
{
    "model": "rameniaapp.actionhook",
    "pk": 7,
    "fields": {
        "hook_name": "good-content",
        "params": {
            "change-rep": 100
        }
    }
},
{
    "model": "rameniaapp.actionhook",
    "pk": 8,
    "fields": {
        "hook_name": "noodle-added",
        "params": {
            "count-eq": 1,
            "count-eq-hook": "first-noodle-badge"
        }
    }
},
{
    "model": "rameniaapp.actionhook",
    "pk": 9,
    "fields": {
        "hook_name": "first-noodle-badge",
        "params": {
            "add-badge": 3
        }
    }
},
{
    "model": "rameniaapp.actionhook",
    "pk": 10,
    "fields": {
        "hook_name": "review-added",
        "params": {
            "count-eq": 1,
            "count-eq-hook": "first-review-badge"
        }
    }
},
{
    "model": "rameniaapp.actionhook",
    "pk": 11,
    "fields": {
        "hook_name": "first-review-badge",
        "params": {
            "add-badge": 4
        }
    }
},
{
    "model": "admin.logentry",
    "pk": 1,
    "fields": {
        "action_time": "2020-10-02T02:17:13.067Z",
        "user": [
            "admin"
        ],
        "content_type": [
            "auth",
            "user"
        ],
        "object_id": "2",
        "object_repr": "cool_guy",
        "action_flag": 1,
        "change_message": "[{\"added\": {}}]"
    }
},
{
    "model": "admin.logentry",
    "pk": 2,
    "fields": {
        "action_time": "2020-10-02T02:17:57.379Z",
        "user": [
            "admin"
        ],
        "content_type": [
            "auth",
            "user"
        ],
        "object_id": "2",
        "object_repr": "cool_guy",
        "action_flag": 2,
        "change_message": "[{\"changed\": {\"fields\": [\"Email address\"]}}]"
    }
},
{
    "model": "admin.logentry",
    "pk": 3,
    "fields": {
        "action_time": "2020-10-02T02:18:09.269Z",
        "user": [
            "admin"
        ],
        "content_type": [
            "auth",
            "user"
        ],
        "object_id": "3",
        "object_repr": "cool_girl",
        "action_flag": 1,
        "change_message": "[{\"added\": {}}]"
    }
},
{
    "model": "admin.logentry",
    "pk": 4,
    "fields": {
        "action_time": "2020-10-02T02:18:21.469Z",
        "user": [
            "admin"
        ],
        "content_type": [
            "auth",
            "user"
        ],
        "object_id": "3",
        "object_repr": "cool_girl",
        "action_flag": 2,
        "change_message": "[{\"changed\": {\"fields\": [\"Email address\"]}}]"
    }
},
{
    "model": "admin.logentry",
    "pk": 5,
    "fields": {
        "action_time": "2020-10-02T02:23:45.607Z",
        "user": [
            "admin"
        ],
        "content_type": [
            "rameniaapp",
            "tag"
        ],
        "object_id": "1",
        "object_repr": "Tag object (1)",
        "action_flag": 1,
        "change_message": "[{\"added\": {}}]"
    }
},
{
    "model": "admin.logentry",
    "pk": 6,
    "fields": {
        "action_time": "2020-10-02T02:23:55.618Z",
        "user": [
            "admin"
        ],
        "content_type": [
            "rameniaapp",
            "tag"
        ],
        "object_id": "2",
        "object_repr": "Tag object (2)",
        "action_flag": 1,
        "change_message": "[{\"added\": {}}]"
    }
},
{
    "model": "admin.logentry",
    "pk": 7,
    "fields": {
        "action_time": "2020-10-02T02:24:16.131Z",
        "user": [
            "admin"
        ],
        "content_type": [
            "rameniaapp",
            "tag"
        ],
        "object_id": "3",
        "object_repr": "Tag object (3)",
        "action_flag": 1,
        "change_message": "[{\"added\": {}}]"
    }
},
{
    "model": "admin.logentry",
    "pk": 8,
    "fields": {
        "action_time": "2020-10-02T02:24:20.983Z",
        "user": [
            "admin"
        ],
        "content_type": [
            "rameniaapp",
            "noodle"
        ],
        "object_id": "1",
        "object_repr": "Noodle object (1)",
        "action_flag": 1,
        "change_message": "[{\"added\": {}}]"
    }
},
{
    "model": "admin.logentry",
    "pk": 9,
    "fields": {
        "action_time": "2020-10-02T02:25:00.404Z",
        "user": [
            "admin"
        ],
        "content_type": [
            "rameniaapp",
            "noodleimage"
        ],
        "object_id": "1",
        "object_repr": "NoodleImage object (1)",
        "action_flag": 1,
        "change_message": "[{\"added\": {}}]"
    }
},
{
    "model": "admin.logentry",
    "pk": 10,
    "fields": {
        "action_time": "2020-10-02T02:25:11.893Z",
        "user": [
            "admin"
        ],
        "content_type": [
            "rameniaapp",
            "noodleimage"
        ],
        "object_id": "2",
        "object_repr": "NoodleImage object (2)",
        "action_flag": 1,
        "change_message": "[{\"added\": {}}]"
    }
},
{
    "model": "admin.logentry",
    "pk": 11,
    "fields": {
        "action_time": "2020-10-02T02:26:33.721Z",
        "user": [
            "admin"
        ],
        "content_type": [
            "rameniaapp",
            "badge"
        ],
        "object_id": "1",
        "object_repr": "Badge object (1)",
        "action_flag": 1,
        "change_message": "[{\"added\": {}}]"
    }
},
{
    "model": "admin.logentry",
    "pk": 12,
    "fields": {
        "action_time": "2020-10-02T02:27:58.709Z",
        "user": [
            "admin"
        ],
        "content_type": [
            "rameniaapp",
            "badge"
        ],
        "object_id": "2",
        "object_repr": "Badge object (2)",
        "action_flag": 1,
        "change_message": "[{\"added\": {}}]"
    }
},
{
    "model": "admin.logentry",
    "pk": 13,
    "fields": {
        "action_time": "2020-10-02T02:28:57.263Z",
        "user": [
            "admin"
        ],
        "content_type": [
            "rameniaapp",
            "noodle"
        ],
        "object_id": "2",
        "object_repr": "Noodle object (2)",
        "action_flag": 1,
        "change_message": "[{\"added\": {}}]"
    }
},
{
    "model": "admin.logentry",
    "pk": 14,
    "fields": {
        "action_time": "2020-10-02T02:30:04.346Z",
        "user": [
            "admin"
        ],
        "content_type": [
            "rameniaapp",
            "noodle"
        ],
        "object_id": "2",
        "object_repr": "Noodle object (2)",
        "action_flag": 2,
        "change_message": "[{\"changed\": {\"fields\": [\"Metadata\"]}}]"
    }
},
{
    "model": "admin.logentry",
    "pk": 15,
    "fields": {
        "action_time": "2020-10-02T02:31:44.636Z",
        "user": [
            "admin"
        ],
        "content_type": [
            "rameniaapp",
            "noodleimage"
        ],
        "object_id": "3",
        "object_repr": "NoodleImage object (3)",
        "action_flag": 1,
        "change_message": "[{\"added\": {}}]"
    }
},
{
    "model": "admin.logentry",
    "pk": 16,
    "fields": {
        "action_time": "2020-10-02T02:31:51.950Z",
        "user": [
            "admin"
        ],
        "content_type": [
            "rameniaapp",
            "noodleimage"
        ],
        "object_id": "1",
        "object_repr": "NoodleImage object (1)",
        "action_flag": 2,
        "change_message": "[{\"changed\": {\"fields\": [\"Uploader\"]}}]"
    }
},
{
    "model": "admin.logentry",
    "pk": 17,
    "fields": {
        "action_time": "2020-10-02T02:31:59.089Z",
        "user": [
            "admin"
        ],
        "content_type": [
            "rameniaapp",
            "noodle"
        ],
        "object_id": "1",
        "object_repr": "Noodle object (1)",
        "action_flag": 2,
        "change_message": "[{\"changed\": {\"fields\": [\"Editor\"]}}]"
    }
},
{
    "model": "admin.logentry",
    "pk": 18,
    "fields": {
        "action_time": "2020-10-02T02:37:49.802Z",
        "user": [
            "admin"
        ],
        "content_type": [
            "rameniaapp",
            "profile"
        ],
        "object_id": "1",
        "object_repr": "Profile object (1)",
        "action_flag": 1,
        "change_message": "[{\"added\": {}}]"
    }
},
{
    "model": "admin.logentry",
    "pk": 19,
    "fields": {
        "action_time": "2020-10-02T02:39:26.655Z",
        "user": [
            "admin"
        ],
        "content_type": [
            "rameniaapp",
            "profile"
        ],
        "object_id": "2",
        "object_repr": "Profile object (2)",
        "action_flag": 1,
        "change_message": "[{\"added\": {}}]"
    }
},
{
    "model": "admin.logentry",
    "pk": 20,
    "fields": {
        "action_time": "2020-10-02T02:40:24.521Z",
        "user": [
            "admin"
        ],
        "content_type": [
            "rameniaapp",
            "profile"
        ],
        "object_id": "3",
        "object_repr": "Profile object (3)",
        "action_flag": 1,
        "change_message": "[{\"added\": {}}]"
    }
},
{
    "model": "admin.logentry",
    "pk": 21,
    "fields": {
        "action_time": "2020-10-02T02:41:01.188Z",
        "user": [
            "admin"
        ],
        "content_type": [
            "rameniaapp",
            "review"
        ],
        "object_id": "1",
        "object_repr": "Review object (1)",
        "action_flag": 1,
        "change_message": "[{\"added\": {}}]"
    }
},
{
    "model": "admin.logentry",
    "pk": 22,
    "fields": {
        "action_time": "2020-10-02T02:41:41.238Z",
        "user": [
            "admin"
        ],
        "content_type": [
            "rameniaapp",
            "review"
        ],
        "object_id": "2",
        "object_repr": "Review object (2)",
        "action_flag": 1,
        "change_message": "[{\"added\": {}}]"
    }
},
{
    "model": "admin.logentry",
    "pk": 23,
    "fields": {
        "action_time": "2020-10-02T02:42:16.471Z",
        "user": [
            "admin"
        ],
        "content_type": [
            "rameniaapp",
            "profile"
        ],
        "object_id": "2",
        "object_repr": "Profile object (2)",
        "action_flag": 2,
        "change_message": "[{\"changed\": {\"fields\": [\"Metadata\"]}}]"
    }
},
{
    "model": "admin.logentry",
    "pk": 24,
    "fields": {
        "action_time": "2020-10-02T02:44:24.758Z",
        "user": [
            "admin"
        ],
        "content_type": [
            "rameniaapp",
            "noodlereport"
        ],
        "object_id": "1",
        "object_repr": "NoodleReport object (1)",
        "action_flag": 1,
        "change_message": "[{\"added\": {}}]"
    }
},
{
    "model": "admin.logentry",
    "pk": 25,
    "fields": {
        "action_time": "2020-10-02T02:45:30.860Z",
        "user": [
            "admin"
        ],
        "content_type": [
            "rameniaapp",
            "profilereport"
        ],
        "object_id": "2",
        "object_repr": "ProfileReport object (2)",
        "action_flag": 1,
        "change_message": "[{\"added\": {}}]"
    }
},
{
    "model": "admin.logentry",
    "pk": 26,
    "fields": {
        "action_time": "2020-10-02T02:45:49.948Z",
        "user": [
            "admin"
        ],
        "content_type": [
            "rameniaapp",
            "reviewreport"
        ],
        "object_id": "3",
        "object_repr": "ReviewReport object (3)",
        "action_flag": 1,
        "change_message": "[{\"added\": {}}]"
    }
},
{
    "model": "admin.logentry",
    "pk": 27,
    "fields": {
        "action_time": "2020-10-02T02:46:24.078Z",
        "user": [
            "admin"
        ],
        "content_type": [
            "rameniaapp",
            "report"
        ],
        "object_id": "1",
        "object_repr": "Report object (1)",
        "action_flag": 2,
        "change_message": "[{\"changed\": {\"fields\": [\"Type\"]}}]"
    }
},
{
    "model": "admin.logentry",
    "pk": 28,
    "fields": {
        "action_time": "2020-10-08T02:16:07.135Z",
        "user": [
            "admin"
        ],
        "content_type": [
            "rameniaapp",
            "noodle"
        ],
        "object_id": "1",
        "object_repr": "Noodle object (1)",
        "action_flag": 2,
        "change_message": "[{\"changed\": {\"fields\": [\"Metadata\"]}}]"
    }
},
{
    "model": "admin.logentry",
    "pk": 29,
    "fields": {
        "action_time": "2020-10-08T02:16:23.144Z",
        "user": [
            "admin"
        ],
        "content_type": [
            "rameniaapp",
            "noodle"
        ],
        "object_id": "2",
        "object_repr": "Noodle object (2)",
        "action_flag": 2,
        "change_message": "[{\"changed\": {\"fields\": [\"Metadata\"]}}]"
    }
},
{
    "model": "admin.logentry",
    "pk": 30,
    "fields": {
        "action_time": "2020-10-08T02:17:51.645Z",
        "user": [
            "admin"
        ],
        "content_type": [
            "rameniaapp",
            "noodle"
        ],
        "object_id": "1",
        "object_repr": "Noodle object (1)",
        "action_flag": 2,
        "change_message": "[]"
    }
},
{
    "model": "admin.logentry",
    "pk": 31,
    "fields": {
        "action_time": "2020-10-12T02:48:53.383Z",
        "user": [
            "admin"
        ],
        "content_type": [
            "rameniaapp",
            "list"
        ],
        "object_id": "1",
        "object_repr": "List object (1)",
        "action_flag": 1,
        "change_message": "[{\"added\": {}}]"
    }
},
{
    "model": "admin.logentry",
    "pk": 32,
    "fields": {
        "action_time": "2020-11-08T07:26:53.163Z",
        "user": [
            "admin"
        ],
        "content_type": [
            "auth",
            "group"
        ],
        "object_id": "1",
        "object_repr": "moderator",
        "action_flag": 1,
        "change_message": "[{\"added\": {}}]"
    }
},
{
    "model": "admin.logentry",
    "pk": 33,
    "fields": {
        "action_time": "2020-11-08T07:27:06.694Z",
        "user": [
            "admin"
        ],
        "content_type": [
            "auth",
            "user"
        ],
        "object_id": "1",
        "object_repr": "admin",
        "action_flag": 2,
        "change_message": "[{\"changed\": {\"fields\": [\"Groups\"]}}]"
    }
},
{
    "model": "admin.logentry",
    "pk": 34,
    "fields": {
        "action_time": "2020-11-11T05:40:57.294Z",
        "user": [
            "admin"
        ],
        "content_type": [
            "rameniaapp",
            "actionhook"
        ],
        "object_id": "1",
        "object_repr": "ActionHook object (1)",
        "action_flag": 1,
        "change_message": "[{\"added\": {}}]"
    }
},
{
    "model": "admin.logentry",
    "pk": 35,
    "fields": {
        "action_time": "2020-11-11T05:41:19.852Z",
        "user": [
            "admin"
        ],
        "content_type": [
            "rameniaapp",
            "actionhook"
        ],
        "object_id": "2",
        "object_repr": "ActionHook object (2)",
        "action_flag": 1,
        "change_message": "[{\"added\": {}}]"
    }
},
{
    "model": "admin.logentry",
    "pk": 36,
    "fields": {
        "action_time": "2020-11-11T05:41:43.603Z",
        "user": [
            "admin"
        ],
        "content_type": [
            "rameniaapp",
            "actionhook"
        ],
        "object_id": "3",
        "object_repr": "ActionHook object (3)",
        "action_flag": 1,
        "change_message": "[{\"added\": {}}]"
    }
},
{
    "model": "admin.logentry",
    "pk": 37,
    "fields": {
        "action_time": "2020-11-11T05:45:18.682Z",
        "user": [
            "admin"
        ],
        "content_type": [
            "rameniaapp",
            "actionhook"
        ],
        "object_id": "4",
        "object_repr": "ActionHook object (4)",
        "action_flag": 1,
        "change_message": "[{\"added\": {}}]"
    }
},
{
    "model": "admin.logentry",
    "pk": 38,
    "fields": {
        "action_time": "2020-11-11T05:50:22.796Z",
        "user": [
            "admin"
        ],
        "content_type": [
            "rameniaapp",
            "actionhook"
        ],
        "object_id": "4",
        "object_repr": "ActionHook object (4)",
        "action_flag": 3,
        "change_message": ""
    }
},
{
    "model": "admin.logentry",
    "pk": 39,
    "fields": {
        "action_time": "2020-11-14T19:52:18.650Z",
        "user": [
            "admin"
        ],
        "content_type": [
            "rameniaapp",
            "badge"
        ],
        "object_id": "3",
        "object_repr": "Badge object (3)",
        "action_flag": 1,
        "change_message": "[{\"added\": {}}]"
    }
},
{
    "model": "admin.logentry",
    "pk": 40,
    "fields": {
        "action_time": "2020-11-14T19:53:15.605Z",
        "user": [
            "admin"
        ],
        "content_type": [
            "rameniaapp",
            "actionhook"
        ],
        "object_id": "8",
        "object_repr": "ActionHook object (8)",
        "action_flag": 1,
        "change_message": "[{\"added\": {}}]"
    }
},
{
    "model": "admin.logentry",
    "pk": 41,
    "fields": {
        "action_time": "2020-11-14T19:53:36.805Z",
        "user": [
            "admin"
        ],
        "content_type": [
            "rameniaapp",
            "actionhook"
        ],
        "object_id": "9",
        "object_repr": "ActionHook object (9)",
        "action_flag": 1,
        "change_message": "[{\"added\": {}}]"
    }
},
{
    "model": "admin.logentry",
    "pk": 42,
    "fields": {
        "action_time": "2020-11-14T19:53:59.894Z",
        "user": [
            "admin"
        ],
        "content_type": [
            "auth",
            "user"
        ],
        "object_id": "3",
        "object_repr": "cool_girl",
        "action_flag": 2,
        "change_message": "[{\"changed\": {\"fields\": [\"Groups\"]}}]"
    }
},
{
    "model": "admin.logentry",
    "pk": 43,
    "fields": {
        "action_time": "2020-11-14T20:05:57.388Z",
        "user": [
            "admin"
        ],
        "content_type": [
            "rameniaapp",
            "badge"
        ],
        "object_id": "4",
        "object_repr": "Badge object (4)",
        "action_flag": 1,
        "change_message": "[{\"added\": {}}]"
    }
},
{
    "model": "admin.logentry",
    "pk": 44,
    "fields": {
        "action_time": "2020-11-14T20:06:47.857Z",
        "user": [
            "admin"
        ],
        "content_type": [
            "rameniaapp",
            "actionhook"
        ],
        "object_id": "10",
        "object_repr": "ActionHook object (10)",
        "action_flag": 1,
        "change_message": "[{\"added\": {}}]"
    }
},
{
    "model": "admin.logentry",
    "pk": 45,
    "fields": {
        "action_time": "2020-11-14T20:07:04.420Z",
        "user": [
            "admin"
        ],
        "content_type": [
            "rameniaapp",
            "actionhook"
        ],
        "object_id": "11",
        "object_repr": "ActionHook object (11)",
        "action_flag": 1,
        "change_message": "[{\"added\": {}}]"
    }
},
{
    "model": "admin.logentry",
    "pk": 46,
    "fields": {
        "action_time": "2020-11-14T20:07:21.174Z",
        "user": [
            "admin"
        ],
        "content_type": [
            "rameniaapp",
            "profile"
        ],
        "object_id": "4",
        "object_repr": "Profile object (4)",
        "action_flag": 2,
        "change_message": "[{\"changed\": {\"fields\": [\"Badges\"]}}]"
    }
}
]
